<?xml version="1.0"?>
<!--
  ~ [y] hybris Platform
  ~
  ~ Copyright (c) 2000-2016 SAP SE or an SAP affiliate company.
  ~ All rights reserved.
  ~
  ~ This software is the confidential and proprietary information of SAP
  ~ ("Confidential Information"). You shall not disclose such Confidential
  ~ Information and shall use it only in accordance with the terms of the
  ~ license agreement you entered into with SAP.
  -->

<!--
	file:	 colors.xml
-->
<colors>
	<color>
		<id>1</id>
		<name>black</name>
		<name2>black</name2>
		<red>0.000000</red>
		<green>0.000000</green>
		<blue>0.000000</blue>
	</color>
	<color>
		<id>2</id>
		<name>gray</name>
		<name2>gray</name2>
		<red>50.196078</red>
		<green>50.196078</green>
		<blue>50.196078</blue>
	</color>
	<color>
		<id>3</id>
		<name>silver</name>
		<name2>silver</name2>
		<red>75.294117</red>
		<green>75.294117</green>
		<blue>75.294117</blue>
	</color>
	<color>
		<id>4</id>
		<name>white</name>
		<name2>white</name2>
		<red>100.000000</red>
		<green>100.000000</green>
		<blue>100.000000</blue>
	</color>
	<color>
		<id>5</id>
		<name>red</name>
		<name2>red</name2>
		<red>100.000000</red>
		<green>0.000000</green>
		<blue>0.000000</blue>
	</color>
	<color>
		<id>6</id>
		<name>maroon</name>
		<name2>maroon</name2>
		<red>50.196078</red>
		<green>0.000000</green>
		<blue>0.000000</blue>
	</color>
	<color>
		<id>7</id>
		<name>purple</name>
		<name2>purple</name2>
		<red>50.196078</red>
		<green>0.000000</green>
		<blue>50.196078</blue>
	</color>
	<color>
		<id>8</id>
		<name>fuchsia</name>
		<name2>fuchsia</name2>
		<red>100.000000</red>
		<green>0.000000</green>
		<blue>100.000000</blue>
	</color>
	<color>
		<id>9</id>
		<name>green</name>
		<name2>green</name2>
		<red>0.000000</red>
		<green>50.196078</green>
		<blue>0.000000</blue>
	</color>
	<color>
		<id>10</id>
		<name>lime</name>
		<name2>lime</name2>
		<red>0.000000</red>
		<green>100.000000</green>
		<blue>0.000000</blue>
	</color>
	<color>
		<id>11</id>
		<name>olive</name>
		<name2>olive</name2>
		<red>50.196078</red>
		<green>50.196078</green>
		<blue>0.000000</blue>
	</color>
	<color>
		<id>12</id>
		<name>yellow</name>
		<name2>yellow</name2>
		<red>100.000000</red>
		<green>100.000000</green>
		<blue>0.000000</blue>
	</color>
	<color>
		<id>13</id>
		<name>gold</name>
		<name2>gold</name2>
		<red>100.000000</red>
		<green>84.313725</green>
		<blue>0.000000</blue>
	</color>
	<color>
		<id>14</id>
		<name>orange</name>
		<name2>orange</name2>
		<red>100.000000</red>
		<green>64.705882</green>
		<blue>0.000000</blue>
	</color>
	<color>
		<id>15</id>
		<name>blue</name>
		<name2>blue</name2>
		<red>0.000000</red>
		<green>0.000000</green>
		<blue>100.000000</blue>
	</color>
	<color>
		<id>16</id>
		<name>navy</name>
		<name2>navy</name2>
		<red>0.000000</red>
		<green>0.000000</green>
		<blue>50.196078</blue>
	</color>
	<color>
		<id>17</id>
		<name>teal</name>
		<name2>teal</name2>
		<red>0.000000</red>
		<green>50.196078</green>
		<blue>50.196078</blue>
	</color>
	<color>
		<id>18</id>
		<name>aqua</name>
		<name2>aqua</name2>
		<red>0.000000</red>
		<green>100.000000</green>
		<blue>100.000000</blue>
	</color>
</colors>
