<?xml version="1.0" encoding="utf-8"?>
<!--
  ~ [y] hybris Platform
  ~
  ~ Copyright (c) 2000-2016 SAP SE or an SAP affiliate company.
  ~ All rights reserved.
  ~
  ~ This software is the confidential and proprietary information of SAP
  ~ ("Confidential Information"). You shall not disclose such Confidential
  ~ Information and shall use it only in accordance with the terms of the
  ~ license agreement you entered into with SAP.
  -->

<!--
	file:	 domain.xml
-->
<domains>
	<domain>
		<id>1</id>
		<domainclassid>0</domainclassid>
		<name>Platzhalter</name>
	</domain>
	<domain>
		<id>2</id>
		<domainclassid>0</domainclassid>
		<name>Palettenaktion</name>
	</domain>
	<domain>
		<id>4000</id>
		<domainclassid>1</domainclassid>
		<name>Hybris</name>
	</domain>
</domains>
