<?xml version="1.0" encoding="UTF-8"?>
<!--
  ~ [y] hybris Platform
  ~
  ~ Copyright (c) 2000-2016 SAP SE or an SAP affiliate company.
  ~ All rights reserved.
  ~
  ~ This software is the confidential and proprietary information of SAP
  ~ ("Confidential Information"). You shall not disclose such Confidential
  ~ Information and shall use it only in accordance with the terms of the
  ~ license agreement you entered into with SAP.
  -->

<!--
	file:	 pageitems.xml
-->
<pageitems>
	<pageitem>
		<id>0</id>
		<name></name>
		<description></description>
		<data>
			<src></src>
		</data>
		<preview>
			<src></src>
		</preview>
		<type>
			<id>0</id>
			<name></name>
		</type>
		<state>
			<id>0</id>
			<value></value>
		</state>
		<domain>
			<id>0</id>
			<name></name>
		</domain>
		<placeholder>
			<id>0</id>
			<name></name>
		</placeholder>
		<leftpos>0.0</leftpos>
		<toppos>0.0</toppos>
		<rightpos>0.0</rightpos>
		<bottompos>0.0</bottompos>
		<spread>
			<position></position>
			<leftitem>0</leftitem>
			<middleitem>0</middleitem>
			<rightitem>0</rightitem>
			<scriptid>0</scriptid>
			<continue>0</continue>
		</spread>
		<kind>frames</kind>
		<memberships></memberships>
		<magnets>0</magnets>
		<active>3</active>
		<buildSupportScript>0</buildSupportScript>
		<textflowPrefix1Action>0</textflowPrefix1Action>
		<textflowPrefix1></textflowPrefix1>
		<textflowPrefixNAction>0</textflowPrefixNAction>
		<textflowPrefixN></textflowPrefixN>
		<color>8</color>
		<record>
			<id>0</id>
			<id2>0</id2>
			<id3>0</id3>
			<stringid></stringid>
		</record>
	</pageitem>
	<pageitem>
		<id>1</id>
		<name>TableTemplate for Automatic Tables</name>
		<description></description>
		<data>
			<src>pageitems\data\1.indd</src>
		</data>
		<preview>
			<src>pageitems\preview\1.gif</src>
		</preview>
		<type>
			<id>0</id>
			<name>No Type</name>
		</type>
		<state>
			<id>0</id>
			<value>no status</value>
		</state>
		<domain>
			<id>0</id>
			<name>no editor</name>
		</domain>
		<placeholder>
			<id>0</id>
			<name></name>
		</placeholder>
		<leftpos>36.0</leftpos>
		<toppos>61.889764</toppos>
		<rightpos>170.568898</rightpos>
		<bottompos>81.898065</bottompos>
		<spread>
			<position></position>
			<leftitem></leftitem>
			<middleitem></middleitem>
			<rightitem></rightitem>
		</spread>
		<kind>table</kind>
		<record>
			<id>0</id>
			<id2>0</id2>
			<id3>0</id3>
			<stringid></stringid>
		</record>
	</pageitem>
</pageitems>
