﻿<?xml version="1.0" encoding="utf-8"?>
<!--
  ~ [y] hybris Platform
  ~
  ~ Copyright (c) 2000-2016 SAP SE or an SAP affiliate company.
  ~ All rights reserved.
  ~
  ~ This software is the confidential and proprietary information of SAP
  ~ ("Confidential Information"). You shall not disclose such Confidential
  ~ Information and shall use it only in accordance with the terms of the
  ~ license agreement you entered into with SAP.
  -->

<placeholdergroups>
	<placeholdergroup>
		<ID>0</ID>
		<name></name>
		<user></user>
		<color></color>
		<placeholders>
			<placeholder>
				<ID>0</ID>
			</placeholder>
		</placeholders>
	</placeholdergroup>
</placeholdergroups>
