<?xml version="1.0" encoding="utf-8"?>
<!--
  ~ [y] hybris Platform
  ~
  ~ Copyright (c) 2000-2016 SAP SE or an SAP affiliate company.
  ~ All rights reserved.
  ~
  ~ This software is the confidential and proprietary information of SAP
  ~ ("Confidential Information"). You shall not disclose such Confidential
  ~ Information and shall use it only in accordance with the terms of the
  ~ license agreement you entered into with SAP.
  -->

<framerules>
 <framerule>
  <pageitemid>0</pageitemid>
  <prerule>
   <id>0</id>
   <params></params>
  </prerule>
  <postrule>
   <id>0</id>
   <params></params>
  </postrule>
  <banner>
   <gridid>0</gridid>
   <elementid>0</elementid>
   <pagerelative>0</pagerelative>
   <intersection>2</intersection>
   <distance>0.0</distance>
  </banner>
 </framerule>
 <framerule>
  <pageitemid>36</pageitemid>
  <prerule>
   <id>0</id>
   <params></params>
  </prerule>
  <postrule>
   <id>0</id>
   <params></params>
  </postrule>
  <banner>
   <gridid>6</gridid>
   <elementid>0</elementid>
   <pagerelative>0</pagerelative>
   <intersection>1</intersection>
   <distance>0.000000</distance>
  </banner>
 </framerule>
 <framerule>
  <pageitemid>4</pageitemid>
  <prerule>
   <id>0</id>
   <params></params>
  </prerule>
  <postrule>
   <id>0</id>
   <params></params>
  </postrule>
  <banner>
   <gridid>7</gridid>
   <elementid>1</elementid>
   <pagerelative>0</pagerelative>
   <intersection>1</intersection>
   <distance>0.000000</distance>
  </banner>
 </framerule>
 <framerule>
  <pageitemid>500</pageitemid>
  <prerule>
   <id>0</id>
   <params></params>
  </prerule>
  <postrule>
   <id>0</id>
   <params></params>
  </postrule>
  <banner>
   <gridid>7</gridid>
   <elementid>1</elementid>
   <pagerelative>0</pagerelative>
   <intersection>1</intersection>
   <distance>0.000000</distance>
  </banner>
 </framerule>
 <framerule>
  <pageitemid>129</pageitemid>
  <prerule>
   <id>0</id>
   <params></params>
  </prerule>
  <postrule>
   <id>0</id>
   <params></params>
  </postrule>
  <banner>
   <gridid>8</gridid>
   <elementid>1</elementid>
   <pagerelative>0</pagerelative>
   <intersection>2</intersection>
   <distance>0.000000</distance>
  </banner>
 </framerule>
</framerules>
