<?xml version="1.0" encoding="utf-8"?>
<!--
  ~ [y] hybris Platform
  ~
  ~ Copyright (c) 2000-2016 SAP SE or an SAP affiliate company.
  ~ All rights reserved.
  ~
  ~ This software is the confidential and proprietary information of SAP
  ~ ("Confidential Information"). You shall not disclose such Confidential
  ~ Information and shall use it only in accordance with the terms of the
  ~ license agreement you entered into with SAP.
  -->

<!--
	file:	 relatedto.xml
-->
<relatedtos>
	<relatedto>
		<id>1</id>
		<value>text</value>
	</relatedto>
	<relatedto>
		<id>2</id>
		<value>textframe</value>
	</relatedto>
	<relatedto>
		<id>3</id>
		<value>imageframe</value>
	</relatedto>
	<relatedto>
		<id>4</id>
		<value>xml element</value>
	</relatedto>
	<relatedto>
		<id>5</id>
		<value>document</value>
	</relatedto>
	<relatedto>
		<id>6</id>
		<value>multi frames</value>
	</relatedto>
	<relatedto>
		<id>7</id>
		<value>multi text</value>
	</relatedto>
	<relatedto>
		<id>8</id>
		<value>table</value>
	</relatedto>
</relatedtos>
