<?xml version="1.0"?>
<!--
  ~ [y] hybris Platform
  ~
  ~ Copyright (c) 2000-2016 SAP SE or an SAP affiliate company.
  ~ All rights reserved.
  ~
  ~ This software is the confidential and proprietary information of SAP
  ~ ("Confidential Information"). You shall not disclose such Confidential
  ~ Information and shall use it only in accordance with the terms of the
  ~ license agreement you entered into with SAP.
  -->

<!--
	file:	 xentities.xml
-->
<entities>
	<entity>
		<file></file>
		<search>&lt;br&gt;</search>
		<replace>&#13;</replace>
	</entity>
	<typedef>
		<file></file>
		<attr>ProductGroupID</attr>
		<type>int</type>
	</typedef>
</entities>
